Pid,Arrival Time,Time until first Response,Burst Length
42,0,15,42
24,10,100,186
42,15,7,36
14,16,152,158
40,20,194,199
46,23,39,133
17,31,97,131
14,37,35,75
11,41,33,131
39,43,2,8
36,50,84,168
17,55,53,162
5,58,50,168
10,67,72,99
37,68,19,65
12,73,43,56
13,83,46,84
49,87,84,139
16,92,49,180
31,94,76,94
42,104,16,88
25,107,33,68
5,107,3,125
15,114,5,175
44,123,34,55
36,127,10,64
18,133,45,121
33,137,5,157
24,138,5,31
2,139,10,23
38,147,9,84
11,148,13,155
50,153,10,154
44,162,44,150
47,163,11,47
20,164,4,23
11,167,17,43
41,169,11,62
27,176,41,48
27,180,102,103
28,184,36,166
37,191,60,71
19,200,18,29
29,206,111,118
21,213,46,152
24,216,47,116
41,226,44,153
24,236,15,68
29,244,5,16
4,248,2,47
24,250,63,193
18,252,16,93
10,259,2,5
22,268,7,12
8,271,1,195
17,272,28,34
6,279,78,85
44,286,4,15
16,296,111,181
1,306,84,198
42,315,100,133
10,318,4,73
26,319,142,156
3,319,59,152
31,323,4,25
26,330,12,146
33,335,3,168
45,338,18,23
19,348,4,35
19,349,20,42
25,357,22,191
46,360,34,45
37,362,70,80
26,364,35,78
20,370,68,175
16,379,50,61
6,382,140,181
13,392,76,182
34,396,22,37
15,396,117,143
9,399,1,6
48,403,65,77
4,409,1,23
43,419,15,115
8,424,5,185
34,431,8,19
42,433,72,112
13,434,60,60
21,441,137,165
32,442,30,60
38,443,28,50
3,446,2,118
33,450,1,176
35,456,1,2
50,464,173,187
26,464,5,5
35,472,13,40
30,480,1,82
35,485,64,172
25,487,45,183
15,494,110,151
47,503,43,64
18,513,26,84
40,516,109,110
47,522,43,114
10,530,1,8
49,540,91,117
40,542,5,30
17,552,55,93
6,559,3,6
21,568,150,171
5,570,3,5
9,573,91,94
10,573,21,139
9,583,30,33
19,589,81,98
23,593,5,61
14,599,9,97
16,599,2,2
47,603,160,190
38,604,54,160
25,609,15,50
27,612,68,78
42,614,77,151
19,620,13,16
5,628,4,9
17,630,3,68
44,640,49,83
16,647,21,169
44,651,21,82
24,651,50,101
44,660,17,92
13,661,33,141
2,667,20,101
8,675,98,162
28,683,38,97
11,687,18,90
7,697,184,194
43,704,20,81
3,714,60,173
31,723,11,19
29,732,139,179
12,738,88,92
42,744,61,114
49,749,1,8
11,755,57,98
36,764,33,125
26,765,1,2
32,773,50,104
19,780,145,159
14,785,2,98
24,787,166,184
40,788,50,182
5,789,24,112
11,799,6,121
30,807,7,67
20,811,111,133
3,812,125,146
31,813,40,77
25,819,36,149
4,820,34,77
44,821,11,141
5,825,53,174
15,825,45,48
28,828,19,41
31,835,8,19
6,838,57,60
29,846,5,63
37,853,33,51
50,856,8,20
35,866,24,27
6,872,40,49
45,877,142,164
41,883,10,165
28,893,11,18
14,902,60,134
20,904,29,56
47,905,96,196
20,913,145,173
23,920,8,146
25,928,41,83
45,929,11,17
15,938,34,107
4,943,135,166
42,953,58,143
37,958,8,183
49,968,3,58
50,977,1,1
26,986,43,126
38,994,100,119
8,1002,59,114
45,1005,18,21
23,1007,22,33
11,1012,44,89
45,1022,24,190
24,1030,35,79
26,1034,24,109
45,1042,116,143
40,1045,58,190
37,1051,62,81
45,1051,3,182
7,1055,176,190
18,1062,29,101
41,1068,54,152
25,1070,71,147
36,1075,36,101
18,1077,23,30
17,1085,27,104
19,1092,119,185
9,1095,25,97
17,1096,78,89
21,1103,63,73
39,1113,31,65
34,1113,59,95
33,1114,115,171
16,1114,12,111
49,1121,98,167
27,1124,35,150
1,1133,20,34
23,1141,2,147
39,1145,17,49
28,1146,39,68
18,1153,12,147
8,1161,38,69
19,1165,9,51
40,1166,74,133
10,1167,39,76
14,1173,3,3
39,1179,21,56
26,1189,84,182
45,1189,24,54
7,1190,120,168
42,1192,12,50
1,1192,43,136
32,1197,9,74
12,1207,30,157
17,1216,35,165
21,1218,44,167
25,1222,113,189
14,1225,112,184
20,1230,40,74
42,1234,82,187
7,1238,53,85
7,1239,4,31
10,1246,23,97
35,1252,70,105
29,1257,54,134
50,1264,40,174
7,1274,18,181
50,1282,30,113
35,1288,100,169
34,1297,12,130
12,1301,37,42
48,1310,26,39
25,1316,72,148
22,1319,82,193
49,1328,89,119
15,1333,18,144
30,1343,8,131
43,1348,37,108
13,1356,60,190
29,1360,10,23
12,1364,28,55
38,1365,4,6
35,1374,162,179
50,1381,13,161
40,1385,27,58
1,1385,12,71
14,1395,164,190
6,1404,60,82
9,1407,12,182
23,1412,42,70
44,1414,3,81
19,1423,29,51
19,1429,37,93
22,1437,51,139
6,1441,8,65
24,1443,10,50
46,1449,13,19
17,1457,60,84
28,1465,7,48
17,1465,35,91
29,1466,108,164
13,1469,43,88
4,1474,19,200
41,1479,53,61
7,1486,49,128
12,1487,39,82
10,1489,12,65
47,1493,46,82
18,1500,72,95
16,1501,2,103
45,1501,14,27
23,1504,5,7
46,1509,74,138
40,1509,31,89
18,1513,109,177
14,1513,178,179
24,1513,27,44
21,1521,49,94
29,1528,20,37
20,1534,17,138
31,1543,158,189
31,1547,50,67
9,1550,65,107
48,1555,33,66
31,1555,66,98
20,1556,93,116
40,1564,26,133
7,1566,17,28
38,1576,55,183
32,1583,42,107
13,1591,3,3
48,1599,3,109
50,1609,58,60
24,1613,101,130
8,1616,113,173
14,1620,20,100
18,1629,137,179
15,1631,33,110
31,1641,42,54
3,1644,111,157
18,1653,122,125
6,1659,104,115
4,1661,66,114
38,1667,62,137
43,1672,49,57
48,1672,23,159
50,1680,151,166
7,1684,115,176
10,1685,42,56
28,1688,96,144
23,1690,6,6
35,1692,9,26
18,1698,102,130
21,1698,9,116
4,1699,12,49
34,1705,96,173
8,1707,127,149
41,1714,39,66
39,1721,38,168
13,1723,12,143
37,1728,142,157
10,1738,52,52
1,1740,15,20
24,1746,9,174
8,1751,115,178
13,1757,108,183
11,1758,97,116
43,1761,62,178
41,1765,103,180
49,1770,21,74
45,1771,7,16
31,1776,92,115
26,1776,5,161
26,1785,36,46
17,1791,3,75
38,1794,10,86
50,1795,11,22
32,1796,57,158
24,1803,66,179
22,1808,25,61
5,1818,144,163
34,1824,14,47
45,1830,82,90
31,1840,5,95
26,1847,145,193
24,1856,52,70
20,1862,122,139
49,1870,172,199
33,1874,131,177
31,1880,75,77
16,1880,6,6
31,1887,6,6
25,1887,5,162
38,1895,36,115
37,1898,25,181
27,1899,92,179
25,1908,5,48
24,1911,72,129
8,1911,38,145
14,1919,51,128
21,1920,174,188
17,1924,34,51
8,1931,39,166
14,1934,100,188
1,1942,23,31
4,1952,10,12
19,1953,9,86
14,1960,42,71
9,1964,8,20
5,1968,47,90
11,1968,81,161
38,1973,11,111
32,1974,78,198
46,1978,172,198
25,1984,17,25
36,1992,11,123
33,1997,73,120
29,2007,92,107
2,2009,26,28
10,2013,15,43
1,2018,9,9
24,2020,47,133
16,2020,70,87
36,2028,66,71
38,2028,8,18
31,2036,102,142
16,2038,8,11
6,2038,70,119
11,2047,67,72
18,2048,45,69
25,2053,171,179
5,2062,25,39
34,2065,54,152
16,2069,22,73
28,2079,84,100
17,2080,21,61
44,2085,18,64
26,2088,3,11
22,2098,28,57
34,2103,18,180
25,2110,6,26
42,2113,7,39
45,2123,14,34
37,2123,127,185
48,2129,42,172
24,2133,29,45
40,2138,109,113
4,2146,25,96
21,2155,29,72
20,2164,33,132
45,2168,98,106
49,2172,121,160
14,2179,52,86
34,2182,7,160
15,2189,82,171
6,2199,15,28
35,2207,32,79
37,2213,23,113
42,2216,97,133
48,2225,60,99
50,2233,173,175
9,2234,68,186
22,2241,32,142
32,2245,114,182
46,2252,75,129
30,2255,19,26
16,2259,101,122
47,2267,1,56
11,2276,71,78
43,2283,4,33
19,2286,6,32
24,2291,8,48
27,2296,34,139
17,2297,14,30
45,2306,62,65
38,2314,105,152
24,2322,30,44
14,2325,142,156
48,2330,31,174
34,2337,43,80
4,2339,27,141
2,2342,112,159
7,2352,43,108
15,2362,169,183
24,2364,10,21
34,2374,25,199
2,2378,41,59
13,2378,34,108
34,2388,20,90
25,2389,31,35
38,2395,129,191
4,2402,62,178
27,2403,1,14
27,2405,69,141
34,2408,32,32
40,2409,14,85
42,2410,95,120
15,2414,19,135
34,2423,26,177
41,2424,88,145
36,2424,6,10
46,2431,50,134
13,2431,187,199
32,2437,44,111
1,2447,18,28
20,2448,18,35
9,2457,17,18
14,2463,2,96
2,2468,52,147
40,2469,76,148
17,2475,2,15
46,2475,112,139
30,2484,87,103
22,2493,10,130
33,2500,33,76
42,2506,87,121
50,2508,9,14
49,2511,55,55
42,2516,28,135
39,2523,94,109
34,2528,59,112
47,2538,118,143
11,2539,9,189
30,2541,40,120
37,2546,68,181
10,2552,3,42
14,2556,87,191
26,2562,136,154
5,2566,39,108
48,2575,12,13
5,2580,47,53
22,2590,144,198
49,2592,3,22
41,2597,60,61
7,2599,35,60
33,2599,5,9
26,2604,39,174
17,2606,2,2
31,2608,36,44
34,2616,23,38
20,2616,2,2
12,2622,27,68
42,2632,29,37
11,2642,14,107
15,2642,37,118
45,2645,19,54
13,2645,28,193
38,2655,37,46
42,2663,12,29
29,2670,9,46
16,2677,10,68
36,2679,48,156
17,2680,106,170
38,2690,6,31
49,2693,82,82
44,2695,89,115
18,2704,3,66
34,2705,15,81
31,2714,19,21
20,2719,80,150
42,2728,29,31
7,2732,63,165
2,2736,75,131
35,2736,24,125
49,2743,21,39
22,2746,113,129
25,2750,90,173
1,2756,5,16
18,2759,39,64
39,2761,8,98
34,2768,63,72
15,2774,7,59
8,2774,41,48
2,2775,38,126
8,2776,19,112
35,2786,76,103
35,2792,18,39
19,2798,57,103
23,2798,81,147
39,2804,36,82
6,2807,19,87
15,2813,37,65
15,2816,39,106
14,2825,117,148
43,2833,140,169
11,2838,127,173
8,2840,92,196
5,2842,44,53
30,2843,86,162
36,2852,69,191
11,2852,14,190
2,2858,88,91
49,2866,24,42
3,2868,63,156
17,2868,7,46
34,2876,55,180
44,2884,10,137
5,2886,8,26
7,2894,10,13
22,2900,8,48
12,2903,16,16
21,2912,12,187
20,2914,11,21
2,2923,31,83
7,2925,33,73
1,2935,10,33
12,2945,1,5
50,2949,28,165
37,2958,105,168
10,2968,46,154
18,2968,156,163
48,2968,52,71
47,2978,1,138
9,2988,21,66
48,2998,3,142
4,2999,8,14
30,3005,39,103
14,3008,2,63
10,3015,35,37
47,3015,44,83
5,3021,9,71
5,3024,40,59
27,3032,42,51
43,3038,84,191
18,3043,113,135
12,3052,26,135
34,3060,134,153
22,3061,113,199
38,3065,7,104
18,3072,70,125
13,3082,16,27
47,3083,14,16
31,3089,2,49
29,3090,53,155
28,3094,1,7
15,3103,15,26
25,3109,53,153
4,3110,13,109
35,3115,98,139
25,3119,118,128
47,3125,12,84
8,3134,82,91
38,3139,47,151
49,3144,17,94
49,3144,13,13
26,3153,24,73
43,3153,39,138
46,3163,76,183
14,3165,177,184
31,3170,17,103
28,3179,168,179
47,3181,11,128
6,3185,8,14
50,3191,113,144
23,3201,107,176
1,3203,55,198
43,3204,52,188
6,3213,36,69
49,3216,47,129
35,3226,53,110
21,3233,36,114
24,3235,53,112
21,3244,10,170
22,3248,63,157
9,3258,105,184
42,3263,84,95
11,3269,66,156
32,3274,14,32
4,3283,32,112
13,3283,1,108
15,3291,90,139
2,3292,9,192
30,3292,3,140
45,3292,47,119
39,3302,44,197
10,3303,84,110
2,3312,33,41
34,3316,21,160
4,3323,171,171
28,3329,40,46
25,3336,82,82
4,3345,2,5
47,3352,15,129
46,3360,64,81
47,3360,8,20
23,3362,101,125
20,3370,116,118
6,3378,60,64
18,3379,154,188
33,3381,8,68
18,3385,103,111
9,3395,43,58
12,3404,32,126
13,3411,63,66
48,3416,82,107
12,3425,16,118
30,3426,1,18
29,3435,68,154
28,3437,62,93
17,3439,13,121
9,3439,58,66
30,3445,27,110
5,3454,34,60
20,3464,61,131
10,3465,33,52
27,3468,41,98
39,3474,16,25
30,3477,8,49
15,3486,75,101
50,3486,65,194
44,3494,88,125
28,3499,140,143
32,3499,38,109
2,3506,94,150
33,3506,32,85
8,3507,5,68
5,3512,1,6
8,3513,74,156
23,3522,59,71
46,3522,52,152
36,3530,102,187
49,3531,115,197
5,3537,87,125
39,3546,38,38
43,3555,27,66
32,3560,20,181
41,3570,64,72
30,3577,19,43
6,3582,34,165
25,3585,37,120
1,3591,32,154
46,3598,67,110
44,3601,169,169
23,3609,21,129
45,3618,11,180
23,3625,103,195
14,3629,30,73
32,3637,46,148
38,3644,46,145
21,3646,7,10
21,3652,8,20
44,3656,73,184
41,3659,6,51
2,3667,37,56
29,3671,42,125
18,3677,138,183
4,3678,93,105
40,3687,69,150
30,3697,4,19
18,3703,103,195
46,3707,80,196
4,3708,115,131
4,3714,41,76
14,3724,171,196
50,3726,98,185
36,3729,3,118
43,3730,81,131
15,3738,7,87
44,3741,15,49
38,3743,43,133
33,3748,44,52
32,3748,11,100
19,3756,77,182
5,3765,4,8
10,3775,89,180
25,3777,45,90
34,3778,67,124
30,3781,78,93
11,3787,4,59
23,3788,28,58
40,3793,25,29
1,3795,110,180
30,3805,76,186
1,3810,60,66
31,3815,11,26
8,3819,107,176
35,3820,113,128
29,3826,52,87
12,3833,16,17
4,3838,37,186
1,3846,69,118
23,3855,34,101
27,3856,52,77
18,3858,6,161
45,3867,93,150
37,3875,37,151
40,3878,27,151
16,3887,45,73
45,3891,69,124
37,3899,72,98
8,3905,109,136
33,3906,34,65
35,3906,116,192
8,3906,40,183
29,3908,73,76
43,3911,110,127
14,3917,112,192
50,3927,37,135
30,3931,66,156
20,3938,115,123
27,3941,13,52
42,3951,16,23
4,3959,99,170
27,3969,3,188
29,3978,45,188
3,3988,132,170
1,3991,40,149
47,4000,32,33
40,4009,130,130
46,4013,71,86
41,4023,5,8
43,4026,1,11
5,4036,16,79
33,4039,13,90
3,4044,136,146
19,4051,181,182
32,4058,8,108
37,4068,187,187
30,4075,45,82
40,4076,71,80
16,4077,15,53
47,4085,88,165
24,4090,38,108
50,4099,109,147
23,4105,41,103
17,4110,34,77
37,4119,85,101
1,4126,122,134
14,4127,64,185
45,4130,18,41
46,4138,63,94
34,4142,47,193
44,4144,7,56
26,4152,82,125
15,4162,150,188
29,4169,4,65
13,4172,132,132
49,4182,78,189
15,4192,116,127
33,4196,46,195
13,4197,42,131
50,4205,124,192
17,4206,14,196
41,4206,24,88
50,4216,1,1
46,4223,13,26
26,4232,126,161
42,4235,135,171
37,4241,76,144
43,4251,25,195
47,4254,8,14
3,4262,20,55
45,4269,18,26
23,4273,94,145
16,4281,63,99
42,4286,24,54
13,4288,82,102
2,4292,148,151
1,4297,7,17
11,4304,89,90
32,4313,27,75
29,4322,2,5
36,4322,5,13
24,4332,15,156
21,4337,124,167
25,4342,13,157
24,4347,89,121
29,4348,60,82
24,4352,115,152
8,4354,60,64
28,4354,51,119
39,4356,23,31
40,4358,108,113
41,4361,1,45
26,4363,51,179
29,4364,1,23
10,4373,43,95
34,4375,119,125
35,4383,6,58
4,4390,15,182
31,4390,3,33
17,4396,61,66
32,4398,88,90
32,4401,54,67
33,4410,85,157
11,4418,4,37
36,4419,99,119
25,4429,67,89
50,4432,23,151
36,4433,37,74
27,4438,121,131
7,4439,20,99
4,4439,13,23
16,4448,43,190
13,4456,53,54
36,4461,58,66
9,4465,36,134
40,4466,15,75
49,4476,40,54
25,4479,5,13
5,4484,19,77
10,4492,113,114
35,4495,97,153
13,4502,11,80
23,4506,1,23
44,4511,54,192
48,4520,13,19
28,4529,1,51
48,4533,16,18
31,4539,160,185
8,4546,1,190
5,4551,24,72
47,4558,6,10
18,4558,150,153
28,4568,105,180
20,4573,22,152
21,4574,42,65
41,4583,7,26
39,4588,66,195
42,4591,27,137
11,4600,50,76
25,4603,21,24
18,4603,64,104
21,4611,9,79
44,4612,3,6
50,4621,13,186
45,4627,18,185
6,4637,43,49
48,4638,133,180
29,4638,3,84
15,4641,22,147
39,4645,79,84
10,4653,25,52
41,4656,65,86
18,4666,133,185
42,4674,110,177
11,4682,79,85
29,4687,43,128
9,4695,2,182
8,4702,4,41
6,4706,29,78
27,4713,29,41
48,4716,120,152
30,4722,22,35
38,4730,10,16
9,4732,2,35
5,4742,4,39
29,4745,6,76
10,4755,17,69
32,4759,59,95
43,4762,7,118
11,4769,67,132
49,4773,2,8
41,4779,169,193
40,4781,106,113
19,4784,146,147
13,4788,87,114
47,4788,144,155
18,4797,65,143
14,4800,33,190
37,4810,17,192
11,4811,35,89
14,4813,40,178
30,4813,24,33
26,4815,7,190
13,4821,6,6
43,4822,39,101
42,4831,132,142
28,4831,51,69
37,4839,164,171
36,4849,1,1
27,4852,35,77
5,4854,25,40
27,4863,96,111
17,4863,140,182
22,4868,9,94
1,4868,128,144
26,4869,1,21
9,4872,38,191
21,4880,1,55
16,4889,144,186
16,4897,85,98
21,4907,38,163
30,4907,181,181
1,4912,16,78
30,4917,43,114
48,4922,5,30
34,4925,63,78
30,4935,15,23
43,4940,118,133
38,4948,59,144
9,4952,29,73
43,4953,4,7
23,4961,3,157
12,4969,122,187
32,4975,11,182
8,4984,24,27
24,4985,17,55
14,4993,22,140
11,4993,5,36
42,4994,54,180
50,4996,13,109
27,4997,18,73
15,5007,157,165
46,5014,21,99
7,5024,29,50
42,5034,2,2
19,5042,41,85
50,5044,40,68
29,5050,13,165
50,5057,19,48
32,5060,64,182
42,5060,46,103
42,5061,7,137
8,5071,93,126
3,5080,84,182
9,5087,60,73
45,5097,54,103
